,X_timestamp,beat_hostname,enrichment_branch_name,system_memory_actual_used_pct,system_memory_free,system_memory_swap_free,system_memory_swap_total,system_memory_swap_used_pct,HBOS
0,131257.35199999998,61,7,0.0,0,0,106.666,0,1.3850135481572365
1,131247.833,111,13,0.0,0,0,47.166000000000004,0,1.3850135481572365
2,131201.573,188,7,0.0,0,0,6.0,0,1.3850135481572365
3,131210.04,159,20,0.0,0,0,6.4510000000000005,0,1.3850135481572365
4,131255.59900000002,29,3,0.0,0,0,7.648,0,1.3850135481572365
5,131243.731,53,6,0.0,0,0,9.333,0,1.3850135481572365
6,131013.545,49,6,0.0,0,0,9.333,0,1.3850135481572365
7,131003.575,141,17,0.0,0,0,17.333,0,1.3850135481572365
8,131053.603,82,9,0.0,0,0,24.0,0,1.3850135481572365
9,131455.466,103,12,0.0,0,0,25.333000000000002,0,1.3850135481572365
10,131029.852,125,15,0.0,0,0,26.0,0,1.3850135481572365
11,131132.29,147,18,0.0,0,0,34.25,0,1.3850135481572365
12,131058.085,180,23,0.0,0,0,64.0,0,1.3850135481572365
13,131042.811,101,12,0.0,0,0,0.0,0,0.0
14,131011.558,85,10,0.0,0,0,0.0,0,0.0
15,131402.915,90,11,0.0,0,0,0.0,0,0.0
16,131359.076,150,19,0.0,0,0,0.0,0,0.0
17,131138.315,23,2,0.0,0,0,0.0,0,0.0
18,131019.13,108,13,0.0,0,0,0.0,0,0.0
19,131019.477,132,16,0.0,0,0,0.0,0,0.0
20,131020.469,149,19,0.0,0,0,0.0,0,0.0
21,131201.196,115,14,0.0,0,0,0.0,0,0.0
22,131128.313,148,18,0.0,0,0,0.0,0,0.0
23,131054.921,80,9,0.0,0,0,0.0,0,0.0
24,131055.916,93,11,0.0,0,0,0.0,0,0.0
25,131056.513,35,4,0.0,0,0,0.0,0,0.0
26,131102.578,42,5,0.0,0,0,0.0,0,0.0
27,131106.078,76,8,0.0,0,0,0.0,0,0.0
28,131112.917,153,19,0.0,0,0,0.0,0,0.0
29,131114.106,99,12,0.0,0,0,0.0,0,0.0
30,131114.326,131,16,0.0,0,0,0.0,0,0.0
31,131115.714,121,14,0.0,0,0,0.0,0,0.0
32,131038.44,74,8,0.0,0,0,0.0,0,0.0
33,131214.947,20,2,0.0,0,0,0.0,0,0.0
34,131058.867,118,14,0.0,0,0,0.0,0,0.0
35,131054.569,143,18,0.0,0,0,0.0,0,0.0
36,131037.829,68,7,0.0,0,0,0.0,0,0.0
37,131004.681,109,13,0.0,0,0,0.0,0,0.0
38,131120.237,100,12,0.0,0,0,0.0,0,0.0
39,131011.474,126,15,0.0,0,0,0.0,0,0.0
40,131036.976,38,4,0.0,0,0,0.0,0,0.0
41,131100.421,114,13,0.0,0,0,0.0,0,0.0
42,131405.359,7,1,0.0,0,0,0.0,0,0.0
43,131151.226,14,2,0.0,0,0,0.0,0,0.0
44,131224.604,32,4,0.0,0,0,0.0,0,0.0
45,131223.65099999998,151,19,0.0,0,0,0.0,0,0.0
46,131220.425,144,18,0.0,0,0,0.0,0,0.0
47,131217.659,48,6,0.0,0,0,0.0,0,0.0
48,131211.4,187,21,0.0,0,0,0.0,0,0.0
49,131130.22400000002,178,23,0.0,0,0,0.0,0,0.0
50,131148.033,146,18,0.0,0,0,0.0,0,0.0
51,131125.638,28,3,0.0,0,0,0.0,0,0.0
52,131208.264,170,22,0.0,0,0,0.0,0,0.0
53,131207.177,105,12,0.0,0,0,0.0,0,0.0
54,131202.414,134,16,0.0,0,0,0.0,0,0.0
55,131128.011,157,20,0.0,0,0,0.0,0,0.0
56,131157.253,79,9,0.0,0,0,0.0,0,0.0
57,131447.297,124,15,0.0,0,0,0.0,0,0.0
58,131027.213,37,4,0.0,0,0,0.0,0,0.0
59,131007.041,161,20,0.0,0,0,0.0,0,0.0
60,131146.197,138,17,0.0,0,0,0.0,0,0.0
61,131120.853,172,22,0.0,0,0,0.0,0,0.0
62,131458.707,72,8,0.0,0,0,0.0,0,0.0
63,131036.367,36,4,0.0,0,0,0.0,0,0.0
64,131357.475,33,4,0.0,0,0,0.0,0,0.0
65,131155.363,116,14,0.0,0,0,0.0,0,0.0
66,131028.567,41,5,0.0,0,0,0.0,0,0.0
67,131022.031,135,16,0.0,0,0,0.0,0,0.0
68,131126.054,139,17,0.0,0,0,0.0,0,0.0
69,131134.171,22,2,0.0,0,0,0.0,0,0.0
70,131205.02300000002,177,23,0.0,0,0,0.0,0,0.0
71,131356.854,183,11,0.0,0,0,0.0,0,0.0
72,131350.166,55,6,0.0,0,0,0.0,0,0.0
73,131036.134,107,13,0.0,0,0,0.0,0,0.0
74,131243.459,113,13,0.0,0,0,0.0,0,0.0
75,131132.86800000002,119,14,0.0,0,0,0.0,0,0.0
76,131256.12099999998,26,3,0.0,0,0,0.0,0,0.0
77,131253.187,136,17,0.0,0,0,0.0,0,0.0
78,131251.501,31,3,0.0,0,0,0.0,0,0.0
79,131248.969,21,2,0.0,0,0,0.0,0,0.0
80,131101.311,45,5,4.0,0,0,0.0,0,0.0
81,131404.954,117,14,0.0,0,0,0.0,0,0.0
82,131206.464,160,20,8.875,0,0,0.0,0,0.0
83,131355.729,8,1,0.0,0,0,0.0,0,0.0
84,131332.011,106,13,0.0,0,0,0.0,0,0.0
85,131300.269,84,9,0.0,0,0,0.0,0,0.0
86,131333.80599999998,186,21,0.0,0,0,0.0,0,0.0
87,131324.73,176,23,0.0,0,0,0.0,0,0.0
88,131317.035,169,22,0.0,0,0,0.0,0,0.0
89,131315.72699999998,96,11,0.0,0,0,0.0,0,0.0
90,131333.763,2,1,0.0,0,0,0.0,0,0.0
91,131331.208,69,7,0.0,0,0,0.0,0,0.0
92,131317.228,97,11,0.0,0,0,0.0,0,0.0
93,131329.381,130,16,0.0,0,0,0.0,0,0.0
94,131325.405,89,10,0.0,0,0,0.0,0,0.0
95,131324.418,171,22,0.0,0,0,0.0,0,0.0
96,131336.279,71,7,0.0,0,0,0.0,0,0.0
97,131323.024,145,18,0.0,0,0,0.0,0,0.0
98,131321.008,70,7,0.0,0,0,0.0,0,0.0
99,131319.836,156,20,0.0,0,0,0.0,0,0.0
100,131140.914,4,1,0.0,0,0,0.0,0,0.0
101,131318.568,5,1,0.0,0,0,0.0,0,0.0
102,131343.738,127,15,0.0,0,0,0.0,0,0.0
103,131258.39,27,3,0.0,0,0,0.0,0,0.0
104,131145.158,40,4,0.0,0,0,0.0,0,0.0
105,131231.94,51,6,0.0,0,0,0.0,0,0.0
106,131348.937,185,22,0.0,0,0,0.0,0,0.0
107,131348.841,110,13,0.0,0,0,0.0,0,0.0
108,131345.895,181,23,0.0,0,0,0.0,0,0.0
109,131343.661,174,22,0.0,0,0,0.0,0,0.0
110,131302.15,50,6,0.0,0,0,0.0,0,0.0
111,131341.745,34,4,0.0,0,0,0.0,0,0.0
112,131406.251,24,2,0.0,0,0,0.0,0,0.0
113,131408.219,184,21,0.0,0,0,0.0,0,0.0
114,131422.07,155,20,0.0,0,0,0.0,0,0.0
115,131409.90099999998,168,22,0.0,0,0,0.0,0,0.0
116,131411.367,1,1,0.0,0,0,0.0,0,0.0
117,131320.885,78,8,0.0,0,0,0.0,0,0.0
118,131304.758,128,16,0.0,0,0,0.0,0,0.0
119,131341.851,92,11,0.0,0,0,0.0,0,0.0
120,131016.11300000001,44,5,2.8989999999999996,0,0,4.0,0,0.0
121,131427.857,98,11,0.0,0,0,0.0,0,0.0
122,131427.911,52,6,0.0,0,0,0.0,0,0.0
123,131200.437,173,22,0.0,0,0,1.0,0,0.0
124,131126.332,77,8,0.0,0,0,2.0,0,0.0
125,131230.548,91,11,0.0,0,0,2.5,0,0.0
126,131127.417,190,21,0.0,0,0,3.75,0,0.0
127,131451.25199999998,102,12,0.0,0,0,0.0,0,0.0
128,131126.69199999998,191,21,0.0,0,0,0.0,0,0.0
129,131244.027,86,10,0.0,0,0,0.0,0,0.0
130,131245.718,87,10,0.0,0,0,0.0,0,0.0
131,131238.945,122,14,0.0,0,0,0.0,0,0.0
132,131225.421,60,7,0.0,0,0,0.0,0,0.0
133,131141.07,189,21,0.0,0,0,0.0,0,0.0
134,131357.34,75,8,0.0,0,0,0.0,0,0.0
135,131428.497,25,3,0.0,0,0,0.0,0,0.0
136,131422.343,3,1,0.0,0,0,0.0,0,0.0
137,131453.202,6,1,0.0,0,0,0.0,0,0.0
138,131326.645,54,6,0.0,0,0,4.583,0,0.0
139,131454.769,88,10,0.0,0,0,0.0,0,0.0
140,131246.628,142,18,0.0,0,0,4.666,0,0.0
141,131451.02300000002,152,19,0.0,0,0,4.689,0,0.0
142,131022.013,179,23,0.0,0,0,5.0,0,0.0
143,131055.469,30,3,7.8839999999999995,0,0,5.182,0,0.0
144,131227.883,154,19,0.0,0,0,4.666,0,0.0
145,131435.285,182,23,0.0,0,0,4.4510000000000005,0,0.0
146,131430.535,47,5,0.0,0,0,0.0,0,0.0
147,131055.962,46,5,0.0,0,0,4.047,0,0.0
148,131144.614,95,11,0.0,0,0,0.0,0,0.0
149,131441.193,175,22,0.0,0,0,0.0,0,0.0
150,131339.31699999998,104,12,0.0,0,0,0.0,0,0.0
151,131338.572,120,14,0.0,0,0,0.0,0,0.0
152,131412.079,83,9,0.0,0,0,0.0,0,0.0
153,131247.234,12,2,0.0,0,0,0.0,0,0.0
